{"stephen": 0.003868182344504865, "bloom": 0.0023750585982198966, "j": 0.001511888317602733, "don\u2019t": 0.0014073428488323315, "dedalus": 0.0012867134617895602, "republic": 0.0010716762068252528, "thrasymachus": 0.0008475984544890634, "glaucon": 0.0008443509508320173, "plato": 0.0007112592402847293, "adeimantus": 0.0007112033008931223, "alice": 0.018662303458430122, "[illustration]": 0.0037099759887240604, "rabbit": 0.0023862523388493866, "mouse": 0.001909001871079509, "caterpillar": 0.00157392920733748, "soveraign": 0.004813703271476263, "common-wealth": 0.004079907041068297, "onely": 0.004030987292374433, "civill": 0.0031797836651011905, "kingdome": 0.0027884256755502748, "martians": 0.0055031825087732, "martian": 0.0017767088183460646, "woking": 0.001730560537350063, "pit": 0.0012897055756978424, "heat-ray": 0.001176781165398043, "bennet": 0.004767551986631322, "bingley": 0.004081573283518902, "darcy": 0.003910078607740797, "elizabeth": 0.003315563731710032, "jane": 0.002892543531457373, "jo": 0.009075040586215975, "meg": 0.00702915612156527, "amy": 0.006274807659738753, "laurie": 0.006000499128165474, "beth": 0.0029869151215757028, "hector": 0.0026407836269743416, "thy": 0.0023065045733898343, "achilles": 0.002065078027701475, "o'er": 0.0018787551981344242, "jove": 0.0017441887101137766}